Date,Problem Name,Pattern,Difficulty,LeetCode Link,Time Taken (min),First Attempt,Solution Approach,Time Complexity,Space Complexity,Review Date 1,Review Date 2,Confidence (1-10),Notes
2025-01-21,Two Sum,Arrays & Hashing,Easy,https://leetcode.com/problems/two-sum/,,,,,,,,,"Use HashMap for O(1) lookup"
2025-01-22,Contains Duplicate,Arrays & Hashing,Easy,https://leetcode.com/problems/contains-duplicate/,,,,,,,,,"Set for checking duplicates"
2025-01-23,Valid Anagram,Arrays & Hashing,Easy,https://leetcode.com/problems/valid-anagram/,,,,,,,,,"Sort strings or use character count"
2025-01-24,Valid Palindrome,Two Pointers,Easy,https://leetcode.com/problems/valid-palindrome/,,,,,,,,,"Clean string then two pointers"
2025-01-25,Two Sum II,Two Pointers,Easy,https://leetcode.com/problems/two-sum-ii-input-array-is-sorted/,,,,,,,,,"Exploit sorted array property"
,,,,,,,,,,,,,,
,,,,,,,,,,,,,,
,,,,,,,,,,,,,,
,,,,,,,,,,,,,,
,,,,,,,,,,,,,,
,,,,,,,,,,,,,,
,,,,,,,,,,,,,,
,,,,,,,,,,,,,,
,,,,,,,,,,,,,,
,,,,,,,,,,,,,,
,,,,,,,,,,,,,,
,,,,,,,,,,,,,,
,,,,,,,,,,,,,,
,,,,,,,,,,,,,,
,,,,,,,,,,,,,,
,,,,,,,,,,,,,,
,,,,,,,,,,,,,,
,,,,,,,,,,,,,,
,,,,,,,,,,,,,,
,,,,,,,,,,,,,,
,,,,,,,,,,,,,,
,,,,,,,,,,,,,,
,,,,,,,,,,,,,,
,,,,,,,,,,,,,,
,,,,,,,,,,,,,,
,,,,,,,,,,,,,,
,,,,,,,,,,,,,,
,,,,,,,,,,,,,,
,,,,,,,,,,,,,,
,,,,,,,,,,,,,,
,,,,,,,,,,,,,,
,,,,,,,,,,,,,,
,,,,,,,,,,,,,,
,,,,,,,,,,,,,,
,,,,,,,,,,,,,,
,,,,,,,,,,,,,,
,,,,,,,,,,,,,,
,,,,,,,,,,,,,,
,,,,,,,,,,,,,,
,,,,,,,,,,,,,,
,,,,,,,,,,,,,,
,,,,,,,,,,,,,,
,,,,,,,,,,,,,,
,,,,,,,,,,,,,,
,,,,,,,,,,,,,,
,,,,,,,,,,,,,,